"","n.patches","r1","r2","T.absorp","mean.Tabsorp","mean.trans"
"1",6,0.901,0.901,14.321720317925,14.459097085868,0.169052798745873
