"","n.patches","r1","r2","T.absorp","mean.Tabsorp","mean.trans"
"1",6,0.901,0.901,14.321720317925,15.8590781456632,0.155262661665216
